email,nome,numeroTelefono
andrewhansen@example.org,Jose,7928431524
davidjacobs@example.net,William,2526405132
karlalane@example.org,Craig,7027178273
marcia41@example.org,Diane,4397940429
webbraymond@example.com,Adam,8818094480
stephenherrera@example.org,Maria,3512756056
angel06@example.com,Jocelyn,3398279819
kenneth77@example.net,Ashley,9484416295
thudson@example.net,Gerald,8358432884
michaelburke@example.com,Pamela,6735883260
darryltanner@example.org,Ariana,9117709171
catherine24@example.net,Kelly,1328398528
jordansmith@example.org,Erica,5427196212
rebeccamiller@example.org,Christopher,3318476948
sydney33@example.net,Darren,1650368390
kristen85@example.com,Chelsea,0197323581
justin16@example.net,Roberto,7257652542
cjones@example.org,Caitlin,0813948401
lwilliamson@example.net,Megan,2283556682
larrychung@example.net,Bruce,0450912531
xtyler@example.org,Johnathan,9620446233
starkbryan@example.net,Michael,1666446481
barry75@example.org,Becky,3877888519
santosjulie@example.org,Jason,3558629203
valdezsusan@example.org,Cody,3611075409
unovak@example.net,Eric,0628619448
zpayne@example.net,Julie,0813047387
hcolon@example.org,Bryan,2126084210
andrew62@example.net,Randall,4079274049
allison71@example.com,Erika,3418556549
garciakathy@example.com,Thomas,6207156985
rachelcoleman@example.net,Alexander,1209839601
nrosario@example.net,Kimberly,0715998955
jillharris@example.org,Tyler,9978417907
brandyrusso@example.com,Chad,2128135309
wrightmatthew@example.net,Juan,7061234328
gaymaxwell@example.net,Benjamin,0665352231
hsmall@example.org,Theresa,1734213838
yzamora@example.net,Rodney,8000123110
john16@example.net,Jessica,1927976062
